<?xml version="1.0" encoding="UTF-8" ?>
<!DOCTYPE mapper
    PUBLIC "-//mybatis.org//DTD Mapper 3.0//EN"
    "https://mybatis.org/dtd/mybatis-3-mapper.dtd">
<mapper namespace="com.goteatfproject.appgot.dao.FeedDao">

  <!-- 자바 객체의 프로퍼티와 컬럼 이름을 연결한다. -->
  <resultMap type="feed" id="feedMap">
    <id column="fno" property="no"/>
    <result column="title" property="title"/>
    <result column="cont" property="content"/>
    <result column="date" property="date"/>

    <association property="writer" javaType="member">
      <id column="mno" property="no"/>
      <result column="nick" property="nick"/>
      <result column="addr" property="address"/>
    </association>

  </resultMap>


  <select id="findAll" resultMap="feedMap">
    select
    f.fno,
    m.mno,
    m.nick,
    m.addr,
    f.title,
    f.cont,
    f.date,
    f.img
    from
    feed f
    join member m on m.mno = f.mno

  </select>

<!--   페이징 리스트-->
  <select id="selectFeedList" resultMap="feedMap" parameterType="hashmap">
    <![CDATA[
      select
    f.fno,
    m.mno,
    m.nick,
    m.addr,
    f.title,
    f.cont,
    f.date,
    f.img
    from
    feed f
    join member m on m.mno = f.mno
      order by
      fno desc
      LIMIT #{pageStart}, #{perPageNum}
      ]]>
  </select>


  <insert id="insert" parameterType="feed"
      useGeneratedKeys="true" keyColumn="fno" keyProperty="no">
    insert into party(title,cont,mno)
    values(#{title},#{content},#{writer.no})
  </insert>

  <!--  <update id="update" parameterType="party">-->
  <!--    update party set-->
  <!--    title=#{title},-->
  <!--    cont=#{content}-->
  <!--    where pno=#{no}-->
  <!--  </update>-->

  <!--  <delete id="delete">-->
  <!--    delete from party-->
  <!--    where pno=#{value}-->
  <!--  </delete>-->

  <!--  <delete id="deleteByMember">-->
  <!--    delete from party-->
  <!--    where pno=#{value}-->
  <!--  </delete>-->

  <!--  <insert id="insertFiles" parameterType="board">-->
  <!--    insert into app_board_file(filepath,bno)-->
  <!--    values-->
  <!--    <foreach collection="attachedFiles" item="file" separator=",">-->
  <!--      (#{file.filepath},#{no})-->
  <!--    </foreach>-->
  <!--  </insert>-->

  <!--  <delete id="deleteFiles">-->
  <!--    delete from app_board_file-->
  <!--    where bno=#{value}-->
  <!--  </delete>-->

  <!--  <delete id="deleteFilesByMemberBoards">-->
  <!--    delete from app_board_file-->
  <!--    where bno in (select bno from app_board where mno = #{value})-->
  <!--  </delete>-->

  <!--  <delete id="deleteFile">-->
  <!--    delete from app_board_file-->
  <!--    where bfno=#{value}-->
  <!--  </delete>-->

  <!--  <select id="findFileByNo" resultMap="attachedFileMap">-->
  <!--    select-->
  <!--    bfno,-->
  <!--    filepath,-->
  <!--    bno-->
  <!--    from-->
  <!--    app_board_file-->
  <!--    where-->
  <!--    bfno = #{value}-->
  <!--  </select>-->

</mapper>



