<?xml version="1.0" encoding="UTF-8" ?>
<!DOCTYPE mapper
    PUBLIC "-//mybatis.org//DTD Mapper 3.0//EN"
    "https://mybatis.org/dtd/mybatis-3-mapper.dtd">
<mapper namespace="com.goteatfproject.appgot.dao.FollowerDao">

  <!-- 자바 객체의 프로퍼티와 컬럼 이름을 연결한다. -->
  <resultMap type="follower" id="followMap">
    <id column="follow" property="follow"/>
    <id column="following" property="following"/>
    <result column="nick" property="nick"/>
    <result column="intro" property="intro"/>
    <result column="thumbnail" property="thumbnail"/>


  </resultMap>


  <!-- 팔로우 기능 -->
  <insert id="follow">
    insert into follower(follow, following) values(#{follow},#{following})
  </insert>

  <!-- 언팔로우 기능 -->
  <delete id="unfollow">
    delete from where follow=#{follow} and following=#{following}
  </delete>

  <!-- 팔로우 유무 조회 기능 -->
  <select id="isFollow" resultType="int">
    select count(*)
    from follower
    where follow=#{follow}
    and following=#{following}
  </select>

  <!-- 팔로우 리스트 조회 -->
  <select id="selectFollowList" parameterType="int" resultMap="followMap">
    select
    F.follow,
    F.following,
    m.mno,
    m.nick,
    m.intro,
    m.thumbnail
    from follower F
    join member m on m.mno = F.following
    where follow=#{follow}
  </select>

  <!-- 팔로잉 리스트 조회 -->
  <select id="selectFollowingList" resultMap="followMap">
    select
    F.follow,
    F.following,
    m.mno,
    m.nick,
    m.intro,
    m.thumbnail
    from follower F
    join member m on m.mno = F.follow
    where following=#{following}
  </select>

  <!-- 탈퇴시 팔로우 삭제 -->
  <delete id="deleteAllFollow">
    delete from follower where follow=#{follow}
  </delete>


</mapper>



