<?xml version="1.0" encoding="UTF-8" ?>
<!DOCTYPE mapper
  PUBLIC "-//mybatis.org//DTD Mapper 3.0//EN"
  "https://mybatis.org/dtd/mybatis-3-mapper.dtd">
<mapper namespace="com.goteatfproject.appgot.dao.MemberDao">

  <!-- 자바 객체의 프로퍼티와 컬럼 이름을 연결한다. -->
  <resultMap type="member" id="memberMap">
    <id column="mno" property="no"/>
    <result column="name" property="name"/>
    <result column="id" property="id"/>
    <result column="createddate" property="createdDate"/>
<!--    <result column="cdt" property="createdDate"/>-->
  </resultMap>

  <insert id="insert" useGeneratedKeys="true" parameterType="member">
<!--    insert into member (id, pwd, grade, name, nick, tel, createddate, post,-->
<!--    addr, interest, outstate)-->
<!--    values(#{id}, sha2(#{password},256), 0, #{name}, #{nick}, #{tel}, now(),-->
<!--    #{post}, #{addr}, #{interest}, 0)-->

    insert into member (id, pwd, name, nick, birth, tel, gender, createddate, post,
    addr, subaddr, interest)
    values(#{id}, sha2(#{password},256), #{name}, #{nick}, #{birth}, #{tel}, #{gender}, now(),
    #{post}, #{address}, #{subAddr}, #{interest})




<!--    insert into member (id, pwd, grade, name, nick, tel, createddate, post,-->
<!--    addr, interest, outstate)-->
<!--    values('user2@test.com', sha2('1111',256), 0, '비트캠프', '비트간치2', '010-3456-7890',-->
<!--    now(), '30123', '세종시', '피자', 0)-->
  </insert>

<!--  <select id="findByNo" resultMap="memberMap">--><!-- findbyno 회원상세정보 -->
<!--    select -->
<!--      mno,-->
<!--      name,-->
<!--      email,-->
<!--      cdt-->
<!--    from -->
<!--      app_member -->
<!--    where -->
<!--      mno=#{value}-->
<!--  </select>-->
  
  <select id="findAll" resultMap="memberMap">
    select 
      mno,
      name,
      id      <!-- TODO email -> id 수정  -->
    from 
      member
    order by 
      mno
  </select>

  <select id="findByEmailPassword" resultMap="memberMap">
    select
      mno,
      name,
      id,
      createddate
    from
      member
    where
      id=#{id} and pwd=sha2(#{password},256)
  </select>
  
<!--  <update id="update" parameterType="Member">-->
<!--    update app_member set -->
<!--      name=#{name}, -->
<!--      email=#{email}, -->
<!--      pwd=sha2(#{password},256) -->
<!--    where -->
<!--      mno=#{no}-->
<!--  </update>-->
<!--  -->
<!--  <delete id="delete">-->
<!--    delete from app_member -->
<!--    where mno=#{value}-->
<!--  </delete>-->

</mapper>