<?xml version="1.0" encoding="UTF-8" ?>
<!DOCTYPE mapper
  PUBLIC "-//mybatis.org//DTD Mapper 3.0//EN"
  "https://mybatis.org/dtd/mybatis-3-mapper.dtd">
<mapper namespace="com.goteatfproject.appgot.dao.MemberDao">

  <!-- 자바 객체의 프로퍼티와 컬럼 이름을 연결한다. -->
  <resultMap type="member" id="memberMap">
    <id column="mno" property="no"/>
    <result column="name" property="name"/>
    <result column="id" property="id"/>
    <result column="createddate" property="createdDate"/>
    <result column="nick" property="nick"/>
    <result column="birth" property="birth"/>
    <result column="addr" property="address"/>
    <result column="intro" property="intro"/>
  </resultMap>

  <insert id="insert" useGeneratedKeys="true" parameterType="member">
    insert into member (id, pwd, name, nick, birth, tel, gender, createddate, post,
    addr, subaddr, interest)
    values(#{id}, sha2(#{password},256), #{name}, #{nick}, #{birth}, #{tel}, #{gender}, now(),
    #{post}, #{address}, #{subAddr}, #{interest})
  </insert>

<!--  <select id="findByNo" resultMap="memberMap">--><!-- findbyno 회원상세정보 -->
<!--    select -->
<!--      mno,-->
<!--      name,-->
<!--      email,-->
<!--      cdt-->
<!--    from -->
<!--      app_member -->
<!--    where -->
<!--      mno=#{value}-->
<!--  </select>-->
  
  <select id="findAll" resultMap="memberMap">
    select 
      mno,
      name,
      id      <!-- TODO email -> id 수정  -->
    from 
      member
    order by 
      mno
  </select>

  <select id="findByEmailPassword" resultMap="memberMap">
    select
      mno,
      name,
      id,
      createddate
    from
      member
    where
      id=#{id} and pwd=sha2(#{password},256)
  </select>
  
<!--  <update id="update" parameterType="Member">-->
<!--    update app_member set -->
<!--      name=#{name}, -->
<!--      email=#{email}, -->
<!--      pwd=sha2(#{password},256) -->
<!--    where -->
<!--      mno=#{no}-->
<!--  </update>-->
<!--  -->
<!--  <delete id="delete">-->
<!--    delete from app_member -->
<!--    where mno=#{value}-->
<!--  </delete>-->

  <!--  밑에서부턴 피드에서 필요해서 사용하는 쿼리  -->

  <!-- 랜덤 유저 리스트 조회 (팔로우 박스) -->
  <select id="userList" resultMap="memberMap">
    select
    mno,
    nick,
    intro,
    thumbnail
    from member
    order by rand()
    Limit 20
  </select>

  <!--  회원 번호로 유저의 정보 조회  -->
  <select id="profileByNo" resultMap="memberMap">
    select
    mno,
    id,
    nick,
    birth,
    gender,
    interest,
    intro
    thumbnail
    from member
    where mno=#{mno}
  </select>

  <!--  회원 닉네임으로 유저의 정보 조회  -->
  <select id="profileByNick" resultMap="memberMap">
    select
    mno,
    id,
    nick,
    addr,
    birth,
    gender,
    interest,
    intro,
    thumbnail
    from member
    where nick=#{nick}
  </select>

</mapper>