<?xml version="1.0" encoding="UTF-8" ?>
<!DOCTYPE mapper
  PUBLIC "-//mybatis.org//DTD Mapper 3.0//EN"
  "https://mybatis.org/dtd/mybatis-3-mapper.dtd">
<mapper namespace="com.goteatfproject.appgot.dao.NoticeDao">

  <!-- 자바 객체의 프로퍼티와 컬럼 이름을 연결한다. -->
  <resultMap type="notice" id="noticeMap">
    <id column="cs1no" property="no"/>
    <result column="title" property="title"/>
    <result column="cont" property="content"/>
    <result column="createdate" property="createDate"/>
    <result column="filename" property="fileName"/>
  </resultMap>

<!--  <insert id="insert" useGeneratedKeys="true" parameterType="notice">-->
<!--&lt;!&ndash;    insert into member&ndash;&gt;-->
<!--&lt;!&ndash;    values(#{no},#{id},sha2(#{pwd},256), #{grade}, #{name},&ndash;&gt;-->
<!--&lt;!&ndash;    #{nick}, #{birth}, #{tel}, #{gender}, #{inDate}, #{postNum},&ndash;&gt;-->
<!--&lt;!&ndash;    #{mainAddr}, #{subAddr}, #{interest}, #{outState}, #{outDate},&ndash;&gt;-->
<!--&lt;!&ndash;    #{pImg}, #{intro})&ndash;&gt;-->
<!--    insert into member (id, pwd, grade, name, nick, tel, createddate, post,-->
<!--    addr, interest, outstate)-->
<!--    values(#{id}, sha2(#{password},256), 0, #{name}, #{nick}, #{tel}, now(),-->
<!--    #{post}, #{addr}, #{interest}, 0)-->

<!--    insert into member (id, pwd, grade, name, nick, tel, createddate, post,-->
<!--    addr, interest, outstate)-->
<!--    values('user2@test.com', sha2('1111',256), 0, '비트캠프', '비트간치2', '010-3456-7890',-->
<!--    now(), '30123', '세종시', '피자', 0)-->
<!--  </insert>-->

<!--  <select id="findByNo" resultMap="noticeMap">-->
<!--    select-->
<!--      csno,-->
<!--      title,-->
<!--      cont,-->
<!--      createdate,-->
<!--      filename-->
<!--    from-->
<!--      cs_notice-->
<!--    where-->
<!--      csno=#{value}-->
<!--  </select>-->
  
  <select id="findAll" resultMap="noticeMap">
    select
    n.cs1no,
    n.title,
    n.createdate,
    n.qsno,
    n.mno,
    qs.qsno
    from
    cs1 n
    join q_state qs on qs.qsno = n.qsno
    order by
    cs1no;
  </select>

<!--  <select id="findByEmailPassword" resultMap="memberMap">-->
<!--    select-->
<!--      mno,-->
<!--      name,-->
<!--      id,-->
<!--      createddate-->
<!--    from-->
<!--      member-->
<!--    where-->
<!--      id=#{id} and pwd=sha2(#{password},256)-->
<!--  </select>-->
<!--  -->
<!--  <update id="update" parameterType="Member">-->
<!--    update app_member set -->
<!--      name=#{name}, -->
<!--      email=#{email}, -->
<!--      pwd=sha2(#{password},256) -->
<!--    where -->
<!--      mno=#{no}-->
<!--  </update>-->
<!--  -->
<!--  <delete id="delete">-->
<!--    delete from app_member -->
<!--    where mno=#{value}-->
<!--  </delete>-->

</mapper>